{"CIDEr": 0.0, "Bleu_4": 2.799732596833058e-10, "Bleu_3": 4.9787068301481455e-11, "Bleu_2": 1.574405338288118e-12, "Bleu_1": 4.978706826829002e-17, "ROUGE_L": 0.0, "METEOR": 0.0, "SPICE": 0.0}